509,110,10062023,Estoy tan agradecido por todo.
548,148,18072023,¡Qué noticia tan positiva!
518,119,19062023,Una experiencia memorable.
517,118,18062023,¡Qué noticia tan emocionante!
516,117,17062023,He aprendido tanto hoy.
515,116,16062023,No puedo esperar para más.
547,147,17072023,He aprendido mucho hoy.
538,139,09072023,Una experiencia fantástica.
524,125,25062023,¡Feliz aniversario!
505,106,06062023,Estoy muy emocionado por esto.
543,144,14072023,Estamos logrando grandes cosas juntos.
504,105,05062023,¡Feliz cumpleaños!
549,149,19072023,Una experiencia inolvidable.
507,108,08062023,¡Qué buena noticia!
500,101,01062023,¡Hola a todos!
536,137,07072023,He aprendido muchísimo aquí.
535,136,06072023,Estoy tan emocionado por esto.
506,107,07062023,Estoy aprendiendo mucho aquí.
501,102,02062023,Me encanta este lugar.
537,138,08072023,¡Qué buena noticia!
508,109,09062023,Una experiencia increíble.
525,126,26062023,No puedo creer lo que hemos logrado.
523,124,24062023,Estamos haciendo un gran trabajo.
528,129,29062023,Una experiencia única.
544,145,15072023,¡Feliz día para todos!
540,141,11072023,¡Qué día tan memorable!
522,123,23062023,Hoy fue un día fantástico.
541,142,12072023,Este lugar me hace sentir bien.
510,111,11062023,¡Qué gran día!
542,143,13072023,Hoy fue un día espectacular.
513,114,14062023,Estamos logrando grandes cosas.
534,135,05072023,¡Felicidades a todos!
503,104,04062023,Vamos a celebrar esta victoria.
527,128,28062023,¡Qué increíble noticia!
502,103,03062023,Hoy es un buen día.
511,112,12062023,Este lugar es fantástico.
531,132,02072023,Este lugar es maravilloso.
545,146,16072023,No puedo esperar para ver más.
521,122,22062023,Este lugar me inspira.
519,120,20062023,Estoy muy agradecido por el apoyo.
533,134,04072023,Estamos alcanzando nuestras metas.
520,121,21062023,¡Qué día tan especial!
539,140,10072023,Estoy agradecido por el apoyo recibido.
526,127,27062023,He aprendido muchísimo hoy.
529,130,30062023,Estoy muy agradecido por todo.
530,131,01072023,¡Qué día tan perfecto!
550,150,20072023,Estoy muy agradecido por cada momento.
514,115,15062023,¡Muchas felicidades!
532,133,03072023,Hoy ha sido un día increíble.
512,113,13062023,Hoy ha sido un día perfecto.