990,939,15092025,Una experiencia memorable.
737,686,06012025,Hoy ha sido un día perfecto.
104,153,23072023,¡Qué noticia tan emocionante!
82,134,05072023,¡Felicidades a todos!
11,144,14072023,Estamos logrando grandes cosas juntos.
645,594,06102024,¡Qué día tan perfecto!
987,936,12092025,Hoy ha sido un día perfecto.
748,697,17012025,Estamos logrando grandes cosas juntos.
860,809,08052025,Estamos haciendo un gran trabajo.
694,643,24112024,Estoy muy agradecido por todo.
136,185,24082023,Este lugar es maravilloso.
592,541,14082024,Estoy agradecido por el apoyo recibido.
738,687,07012025,Estoy tan agradecido por todo.
786,735,24022025,Hoy ha sido un día increíble.
129,178,17082023,Hoy fue un día espectacular.
216,265,12112023,Estoy tan emocionado por esto.
862,811,10052025,¡Feliz día para todos!
73,123,24062023,Estamos haciendo un trabajo increíble.
406,455,20052024,He aprendido mucho hoy.
15,101,01062023,¡Hola a todos!
314,363,18022024,¡Hola a todos!
620,569,11092024,Una experiencia increíble.
639,588,30092024,Estoy muy agradecido por el apoyo.
879,828,27052025,¡Qué día tan especial!
998,947,23092025,Estamos logrando grandes cosas juntos.
641,590,02102024,¡Qué día tan especial!
977,926,02092025,Estoy muy agradecido por el apoyo.
669,618,30102024,¡Qué buena noticia!
984,933,09092025,Estoy muy agradecido por cada momento.
360,409,04042024,Estamos logrando grandes cosas juntos.
989,938,14092025,¡Qué noticia tan positiva!
969,918,25082025,¡Felicidades a todos!
904,853,21062025,Estoy tan emocionado por esto.
18,107,07062023,Estoy aprendiendo mucho aquí.
327,376,02032024,Este lugar me hace sentir bien.
33,104,04062023,Vamos a celebrar esta victoria.
16,137,07072023,He aprendido muchísimo aquí.
361,410,05042024,¡Feliz cumpleaños!
142,191,30082023,Estoy agradecido por el apoyo recibido.
20,138,08072023,¡Qué buena noticia!
270,319,05012024,Una experiencia increíble.
553,502,06072024,¡Qué noticia tan emocionante!
866,815,14052025,¡Qué gran día!
299,348,03022024,Hoy ha sido un día perfecto.
954,903,10082025,Estoy tan emocionado por esto.
233,282,29112023,¡Qué increíble noticia!
172,221,29092023,Estamos haciendo un gran trabajo.
927,876,14072025,Estoy muy agradecido por el apoyo.
573,522,26072024,Una experiencia única.
749,698,18012025,¡Feliz cumpleaños!
674,623,04112024,¡Feliz día para todos!
723,672,23122024,Estoy agradecido por todo.
983,932,08092025,¡Qué día tan perfecto!
714,663,14122024,Una experiencia memorable.
358,407,02042024,¡Feliz aniversario!
294,343,29012024,Estoy muy agradecido por todo.
713,662,13122024,¡Qué buena noticia!
618,567,09092024,Me encanta este lugar.
